Unique Response Number,num_tries,cat_tries,tries,num_cat_tries,duration_search,short_search,med_search,long_search,num_sites_using,recommends_searching_online,recommends_search_online,app_recommendations,app_recommendations1,app_recommendations2,app_recommendations3,num_potentials,cat_potentials,potentials,num_cat_potentials,positive_exper,sexting_asked,felt_blackmailed,asked_for_money,neg_exper,muslim,convert,convert_years,when_converted,married_before,total_num_nikkah_done,mar_status_when_searching,single_during_search,mar_status_derived,success_app,app_success,succ_muzmatch,succ_single_muslim,succ_muslima,succ_pur_matri,succ_other,duration_search_until_nikkah,duration_search_nikkah,succ_short_search,succ_med_search,succ_long_search,marital_status,duration_nikkah,short_nikkah,med_nikkah,long_nikkah,successful_nikkah,same_country,citizens,living_together,live_together,difficulty_living_one_country,same_ethnicity_married,ethnicity_match,same_education,education_match,same_islamic_practice,practice_match,pre_existing_children,blended_family,age_gap,age_match,age_at_nikkah,young_nikkah,factors_ex,Other_Reasons,div_factor_pers,div_factor_prac_mismatch,div_factor_interfere,div_factor_distance,div_factor_other,country_of_origin1,american,british,canadian,south_asian,arab,other_european,nat_other,country_of_origin2,country_of_origin3,gender,binry_gender,age_now,young,educational_level,ug,pg,diploma,edu_other,successful_search
579279-579270-56995542,1,One,One,1,No longer searching,0,0,0,1,"Yes, 100%",1,,,,,3,2 to 3,2 to 3,2,0,Yes,No,No,1,Not yet Muslim,0,,,Yes,1,Single,1,3,,Undetermined,0,0,0,0,1,0 to 30 days,1,1,0,0,Married by legal marriage only,,0,0,0,0,,0,,0,,,0,,0,,0,,,,0,,0,,,0,0,0,0,0,Rwanda,0,0,0,0,0,0,0,,,Female,1,31 to 40,0,University - undergraduate degree,1,0,0,0,0
579279-579270-63891038,2,Two,Two,2,No longer searching,0,0,0,1,"No, except in certain cases",0,,,,,1,One,One,1,0,Yes,Yes,No,1,Other,1,1,After,Yes,1,Single,1,3,Doongle ,Doongle,0,0,0,0,1,0 to 30 days,1,1,0,0,Married by nikkah and legal marriage,3 to 5 years,0,0,1,1,No,0,No,0,"So far, it’s been impossible, just visiting each other",Both of us do not share any common ethnicity at all,0,No,0,No,0,No,,0 to 3 years,1,21 to 30,1,,,0,0,0,0,0,USA,1,0,0,0,0,0,0,,,Female,1,21 to 30,1,University - undergraduate degree,1,0,0,0,1
579279-579270-63912357,6,6 to 9,6 to 9,5,0 to 30 days,1,0,0,2,"Yes, but with caution",1,,,,,2,2 to 3,2 to 3,2,0,No,No,No,0,All my life,0,,,Yes,1,Single,1,1,Muzmatch,Muzmatch,1,0,0,0,0,1 to 3 months,2,1,0,0,"Divorced through Islamic means, Talaq, Khullah, etc.",4 to 12 months,1,0,0,0,Yes,1,,0,,"Both sets of parents were from the exact same ethnicity (Example: Asian, Arab, European-descent)",0,No,0,No,0,No,,0 to 3 years,1,21 to 30,1,"Personality mis-match (pride, ego, hygiene, selfishness, etc.),Interference from parents/in-laws,Islamic practice and/or perspective mis-match,Cheating (infidelity),Other",Emotional abuse ,1,1,1,0,1,UK,0,1,0,0,0,0,0,,,Female,1,31 to 40,0,University - undergraduate degree,1,0,0,0,1
579279-579270-56999514,1,One,One,1,No longer searching,0,0,0,3,"Yes, but with caution",1,MuzMatch,Muzmatch,,,3,2 to 3,2 to 3,2,0,Yes,No,Yes,1,All my life,0,,,Yes,2,Divorcee,0,3,Muzmatch,Muzmatch,1,0,0,0,0,0 to 30 days,1,1,0,0,Married by nikkah,1 to 2 years,0,1,0,0,No,0,Yes,1,Patiently going through the steps,I share the ethnicity at least one of my spouse's parents' OR my spouse shares the ethnicity of at least one of my parents' ethnicity,1,No,0,No,0,Yes,None of our children live with us full-time,0 to 3 years,1,41 to 50,0,,,0,0,0,0,0,Canada,0,0,1,0,0,0,0,,,Female,1,41 to 50,0,University - graduate degree (Masters),0,1,0,0,1
579279-579270-62818814,4,4 to 5,4 to 5,4,No longer searching,0,0,0,1,"Yes, but with caution",1,Muzmatch ,Muzmatch,,,5,4 to 5,4 to 5,3,0,No,No,No,0,All my life,0,,,Yes,1,Single,1,3,Muzmatch ,Muzmatch,1,0,0,0,0,4 to 12 months,3,0,1,0,Married by nikkah,4 to 12 months,1,0,0,0,Yes,1,,1,,"Both sets of parents are from the exact same ethnicity (Example: Asian, Arab, European-descent)",1,No,0,Yes,1,No,,0 to 3 years,1,21 to 30,1,,,0,0,0,0,0,UK,0,1,0,0,0,0,0,,,Female,1,21 to 30,1,University - undergraduate degree,1,0,0,0,1
579279-579270-63889021,6,6 to 9,6 to 9,5,No longer searching,0,0,0,3,"Yes, but with caution",1,Muzmatch ,Muzmatch,,,4,4 to 5,4 to 5,3,0,No,No,No,0,All my life,0,,,Yes,1,Single,1,3,Muzmatch,Muzmatch,1,0,0,0,0,Over 5 years,6,0,0,1,Married by nikkah and legal marriage,3 to 5 years,0,0,1,1,Yes,1,,1,,I share the ethnicity at least one of my spouse's parents' OR my spouse shares the ethnicity of at least one of my parents' ethnicity,1,Yes,1,Yes,1,No,,0 to 3 years,1,21 to 30,1,,,0,0,0,0,0,UK,0,1,0,0,0,0,0,,,Female,1,31 to 40,0,University - graduate degree (Masters),0,1,0,0,1
579279-579270-63895229,3,Three,Three,3,No longer searching,0,0,0,3,"Yes, but with caution",1,"Muzmatch as that's where I found my husband - it was easy to use, had an app, was intuitive and gave me the most relevant information about a person",Muzmatch,,,4,4 to 5,4 to 5,3,0,No,No,No,0,All my life,0,,,Yes,1,Single,1,3,Muzmatch,Muzmatch,1,0,0,0,0,1 to 2 years,4,0,0,1,Married by nikkah and legal marriage,3 to 5 years,0,0,1,1,Yes,1,,1,,"Both sets of parents are from the exact same ethnicity (Example: Asian, Arab, European-descent)",1,Yes,1,Yes,1,No,,0 to 3 years,1,21 to 30,1,,,0,0,0,0,0,India,0,0,0,1,0,0,0,UAE,UK,Female,1,21 to 30,1,University - undergraduate degree,1,0,0,0,1
579279-579270-56971212,10,10 and up,10 and up,6,No longer searching,0,0,0,3,"Yes, 100%",1,Muzz mach,Muzmatch,,,6,6 to 8 ,6 to 8 ,4,0,No,No,No,0,All my life,0,,,Yes,2,Divorcee,0,3,Muzz mach,Muzmatch,1,0,0,0,0,3 to 5 years,5,0,0,1,Married by nikkah,1 to 2 years,0,1,0,0,No,0,Yes,1,Easier than we thought,I share the ethnicity at least one of my spouse's parents' OR my spouse shares the ethnicity of at least one of my parents' ethnicity,1,No,0,Yes,1,Yes,None of our children live with us full-time,0 to 3 years,1,41 to 50,0,,,0,0,0,0,0,UK,0,1,0,0,0,0,0,,,Male,0,51 to 60,0,None of the above,0,0,0,1,1
579279-579270-57003585,4,4 to 5,4 to 5,4,4 to 12 months,0,1,0,2,"Yes, but with caution",1,,,,,5,4 to 5,4 to 5,3,0,Yes,No,No,1,Other,1,9,Before,Yes,2,Divorcee,0,1,Puremathromony,Pure Matrimony,0,0,0,1,0,0 to 30 days,1,1,0,0,"Divorced legally, wife initiated, court approved, no signature from husband",3 to 5 years,0,0,1,0,Yes,1,,0,,Both of us did not share any common ethnicity at all,0,No,0,No,0,Yes,None of our children used to live with us full-time,0 to 3 years,1,21 to 30,1,"Personality mis-match (pride, ego, hygiene, selfishness, etc.),Interference from parents/in-laws,Islamic practice and/or perspective mis-match",,1,1,1,0,0,UK,0,1,0,0,0,0,0,,,Female,1,21 to 30,1,College diploma or certificate,0,0,1,0,1
579279-579270-56970383,2,Two,Two,2,3 to 5 years,0,0,1,3,"Yes, but with caution",1,Pure matrimony,Pure Matrimony,,,1,One,One,1,1,No,No,No,0,All my life,0,,,Yes,2,Divorcee,0,1,Pure matrimony,Pure Matrimony,0,0,0,1,0,4 to 12 months,3,0,1,0,"Divorced through Islamic means, Talaq, Khullah, etc.",1 to 2 years,0,1,0,0,No,0,No,0,Difficult,Both of us did not share any common ethnicity at all,0,No,0,No,0,Yes,None of our children used to live with us full-time,0 to 3 years,1,31 to 40,0,Distance barriers (unable to live together in one country/city),,0,0,0,1,0,Canada,0,0,1,0,0,0,0,,,Female,1,41 to 50,0,College diploma or certificate,0,0,1,0,1
579279-579270-63932662,10,10 and up,10 and up,6,No longer searching,0,0,0,3,"Yes, but with caution",1,,,,,4,4 to 5,4 to 5,3,0,No,No,No,0,All my life,0,,,Yes,1,Single,1,3,Reddit,Reddit,0,0,0,0,1,Over 5 years,6,0,0,1,Married by nikkah and legal marriage,1 to 2 years,0,1,0,0,Yes,1,,1,,"Both sets of parents are from the exact same ethnicity (Example: Asian, Arab, European-descent)",1,Yes,1,Yes,1,No,,0 to 3 years,1,21 to 30,1,,,0,0,0,0,0,UAE,0,0,0,0,1,0,0,,,Female,1,31 to 40,0,University - graduate degree (Masters),0,1,0,0,1
579279-579270-63897529,10,10 and up,10 and up,6,1 to 2 years,0,0,1,3,"No, except in certain cases",0,,,,,15,9 and up,9 and up,5,0,No,No,No,0,All my life,0,,,Yes,1,Single,1,1,Shaadi,Shaadi,0,0,0,0,1,1 to 2 years,4,0,0,1,"Divorced through Islamic means, Talaq, Khullah, etc.",1 to 2 years,0,1,0,0,Yes,1,,0,,"Both sets of parents were from the exact same ethnicity (Example: Asian, Arab, European-descent)",0,Yes,1,Yes,1,No,,0 to 3 years,1,21 to 30,1,"Personality mis-match (pride, ego, hygiene, selfishness, etc.),Interference from parents/in-laws",,1,0,1,0,0,USA,1,0,0,0,0,0,0,,,Male,0,21 to 30,1,University - undergraduate degree,1,0,0,0,1
579279-579270-62841489,1,One,One,1,No longer searching,0,0,0,2,"Yes, but with caution",1,,,,,1,One,One,1,1,No,No,No,0,All my life,0,,,Yes,1,Single,1,3,,Undetermined,0,0,0,0,1,4 to 12 months,3,0,1,0,Married by nikkah and legal marriage,4 to 12 months,1,0,0,0,Yes,1,,1,,"Both sets of parents are from the exact same ethnicity (Example: Asian, Arab, European-descent)",1,Yes,1,Yes,1,No,,0 to 3 years,1,21 to 30,1,,,0,0,0,0,0,India,0,0,0,1,0,0,0,,,Male,0,21 to 30,1,University - undergraduate degree,1,0,0,0,1
579279-579270-56994811,1,One,One,1,No longer searching,0,0,0,5,"Yes, but with caution",1,,,,,1,One,One,1,1,Yes,No,No,1,Other,1,12,Before,Yes,1,Single,1,3,Muslimah.com,Muslima,0,0,1,0,0,1 to 3 months,2,1,0,0,Married by nikkah and legal marriage,3 to 5 years,0,0,1,1,Yes,1,,1,,Both of us do not share any common ethnicity at all,0,No,0,Yes,1,No,,4 to 7 years,2,21 to 30,1,,,0,0,0,0,0,Canada ,0,0,1,0,0,0,0,,,Female,1,31 to 40,0,College diploma or certificate,0,0,1,0,1
579279-579270-63558925,1,One,One,1,No longer searching,0,0,0,1,"Yes, but with caution",1,Muzmatch,Muzmatch,,,1,One,One,1,1,No,No,No,0,Other,1,3,Before,Yes,1,Single,1,3,Muzmatch,Muzmatch,1,0,0,0,0,0 to 30 days,1,1,0,0,Married by nikkah and legal marriage,4 to 12 months,1,0,0,0,Yes,1,,1,,Both of us do not share any common ethnicity at all,0,No,0,Yes,1,No,,4 to 7 years,2,21 to 30,1,,,0,0,0,0,0,USA,1,0,0,0,0,0,0,,,Male,0,21 to 30,1,University - graduate degree (Masters),0,1,0,0,1
579279-579270-56992974,2,Two,Two,2,1 to 3 months,1,0,0,1,"No, except in certain cases",0,,,,,1,One,One,1,0,No,Yes,No,1,All my life,0,,,Yes,2,Divorcee,0,1,Single muslim,Single Muslim,0,1,0,0,0,1 to 3 months,2,1,0,0,"Divorced through Islamic means, Talaq, Khullah, etc.",0 to 3 months,1,0,0,0,No,0,Yes,1,Difficult,Both of us did not share any common ethnicity at all,0,No,0,No,0,No,,4 to 7 years,2,21 to 30,1,"Personality mis-match (pride, ego, hygiene, selfishness, etc.),Ethnicity mis-match,Interference from parents/in-laws,Islamic practice and/or perspective mis-match",,1,1,1,0,1,Mexico,0,0,0,0,0,0,1,,,Female,1,31 to 40,0,College diploma or certificate,0,0,1,0,1
579279-579270-57004869,6,6 to 9,6 to 9,5,No longer searching,0,0,0,3,"Yes, but with caution",1,"I found my partner not through a website per se, but through an Islamic Marriage Group on Facebook. It is very organized, and even has chaperone chats if both parties are interested.   Found it far better and easier than websites. ",Facebook,,,5,4 to 5,4 to 5,3,1,No,No,Yes,1,Other,1,8,,Yes,1,Single,1,3,Facebook,Facebook,0,0,0,0,1,Over 5 years,6,0,0,1,Married by nikkah and legal marriage,0 to 3 months,1,0,0,0,No,0,No,0,Patiently going through the steps,Both of us do not share any common ethnicity at all,0,Yes,1,No,0,Yes,"Other situation, not listed",16 to 20 years,3,51 to 60,0,,,0,0,0,0,0,Canada,0,0,0,1,0,0,0,India,,Female,1,51 to 60,0,College diploma or certificate,0,0,1,0,1
579279-579270-57013272,1,One,One,1,No longer searching,0,0,0,1,"Yes, 100%",1,Half our dean,Half Our Deen,,,1,One,One,1,1,No,No,No,0,All my life,0,,,Yes,1,Single,1,3,Half our dean,Half Our Deen,0,0,0,0,1,1 to 3 months,2,1,0,0,Married by nikkah and legal marriage,6 to 10 years,0,0,1,1,Yes,1,,1,,I share the ethnicity at least one of my spouse's parents' OR my spouse shares the ethnicity of at least one of my parents' ethnicity,1,No,0,No,0,No,,12 to 15 years,3,31 to 40,0,,,0,0,0,0,0,Canada ,0,0,1,0,0,0,0,,,Male,0,41 to 50,0,College diploma or certificate,0,0,1,0,1
579279-579270-57011517,1,One,One,1,No longer searching,0,0,0,2,"Yes, but with caution",1,islamicmarriage.com,Islamicmarriage.com,,,1,One,One,1,1,No,No,No,0,Other,1,8,Before,Yes,1,Single,1,3,Islamicmarriage.com,Islamicmarriage.com,0,0,0,0,1,1 to 3 months,2,1,0,0,Married by nikkah and legal marriage,6 to 10 years,0,0,1,1,No,0,Yes,1,Easier than we thought,Both of us do not share any common ethnicity at all,0,No,0,Yes,1,No,,8 to 11 years,3,21 to 30,1,,,0,0,0,0,0,USA,1,0,0,0,0,0,0,,,Female,1,21 to 30,1,College diploma or certificate,0,0,1,0,1
579279-579270-57024055,1,One,One,1,No longer searching,0,0,0,3,"Yes, but with caution",1,Muslimah,Muslima,,,4,4 to 5,4 to 5,3,0,No,Yes,No,1,Other,1,15,Before,Yes,2,Divorcee,0,3,Muslimah,Muslima,0,0,1,0,0,4 to 12 months,3,0,1,0,Married by nikkah,6 to 10 years,0,0,1,1,Yes,1,,1,,Both of us do not share any common ethnicity at all,0,No,0,Yes,1,Yes,Wife's child/children,8 to 11 years,3,21 to 30,1,,,0,0,0,0,0,Canada,0,0,1,0,0,0,0,,,Female,1,31 to 40,0,Some college or university - didn't finish,0,0,0,1,1
579279-579270-62846381,1,One,One,1,No longer searching,0,0,0,2,"Yes, but with caution",1,Single muslim,Single Muslim,,,1,One,One,1,1,No,No,No,0,Other,1,10,Before,Yes,1,Single,1,3,single Muslim,Single Muslim,0,1,0,0,0,1 to 3 months,2,1,0,0,Married by nikkah and legal marriage,3 to 5 years,0,0,1,1,No,0,Yes,1,Patiently going through the steps,Both of us do not share any common ethnicity at all,0,No,0,Yes,1,No,,8 to 11 years,3,21 to 30,1,,,0,0,0,0,0,USA,1,0,0,0,0,0,0,,,Female,1,31 to 40,0,University - graduate degree (Masters),0,1,0,0,1
579279-579270-63891552,2,Two,Two,2,1 to 2 years,0,0,1,2,"Yes, but with caution",1,Dil mil and muzmatch,Dil Mil,Muzmatch,,1,One,One,1,0,No,No,No,0,All my life,0,,,Yes,1,Single,1,1,,Undetermined,0,0,0,0,1,1 to 3 months,2,1,0,0,"Divorced through Islamic means, Talaq, Khullah, etc.",4 to 12 months,1,0,0,0,No,0,No,0,Patiently went through the steps,"Both sets of parents were from the exact same ethnicity (Example: Asian, Arab, European-descent)",0,No,0,Yes,1,No,,Greater than 20 years,3,16 to 20,1,"Personality mis-match (pride, ego, hygiene, selfishness, etc.),Distance barriers (unable to live together in one country/city),Educational level and/or intelligence mis-match,Islamic practice and/or perspective mis-match,Cheating (infidelity)",,1,1,0,1,1,USA,1,0,0,0,0,0,0,,,Female,1,21 to 30,1,University - graduate degree (Masters),0,1,0,0,1
579279-579270-62956386,1,One,One,1,3 to 5 years,0,0,1,1,"No, except in certain cases",0,,,,,2,2 to 3,2 to 3,2,0,No,No,No,0,Other,1,20,,No,0,Single,1,2,,,0,0,0,0,0,,0,0,0,0,,,0,0,0,0,,0,,0,,,0,,0,,0,,,,0,,0,,,0,0,0,0,0,Europe,0,0,0,0,0,1,0,,,Male,0,21 to 30,1,College diploma or certificate,0,0,1,0,0
579279-579270-63891084,7,6 to 9,6 to 9,5,3 to 5 years,0,0,1,3,"Yes, but with caution",1,,,,,3,2 to 3,2 to 3,2,0,No,No,No,0,Other,1,5,Before,No,0,Single,1,2,,,0,0,0,0,0,,0,0,0,0,,,0,0,0,0,,0,,0,,,0,,0,,0,,,,0,,0,,,0,0,0,0,0,USA,1,0,0,0,0,0,0,,,Female,1,21 to 30,1,College diploma or certificate,0,0,1,0,0
579279-579270-63192947,3,Three,Three,3,No longer searching,0,0,0,2,"No, except in certain cases",0,,,,,4,4 to 5,4 to 5,3,0,Yes,No,No,1,Other,1,3,Before,Yes,0,Divorcee,0,3,Met in person. It was before I became Muslim. ,,0,0,0,0,0,Did not find a spouse online,0,0,0,0,,,0,0,0,0,,0,,0,,,0,,0,,0,,,,0,,0,,,0,0,0,0,0,USA,1,0,0,0,0,0,0,,,Female,1,21 to 30,1,University - undergraduate degree,1,0,0,0,0
579279-579270-63495142,3,Three,Three,3,No longer searching,0,0,0,2,"Yes, but with caution",1,Minder or muzzmatch,Minder,Muzmatch,,4,4 to 5,4 to 5,3,0,Yes,Yes,No,1,Other,1,1,,No,0,Single,1,2,,,0,0,0,0,0,,0,0,0,0,,,0,0,0,0,,0,,0,,,0,,0,,0,,,,0,,0,,,0,0,0,0,0,USA,1,0,0,0,0,0,0,,,Female,1,21 to 30,1,University - graduate degree (Masters),0,1,0,0,0
579279-579270-63666407,1,One,One,1,4 to 12 months,0,1,0,1,"Yes, but with caution",1,Muzmatch ,Muzmatch,,,7,6 to 8 ,6 to 8 ,4,0,Yes,No,No,1,Other,1,1,Before,No,0,Single,1,2,,,0,0,0,0,0,,0,0,0,0,,,0,0,0,0,,0,,0,,,0,,0,,0,,,,0,,0,,,0,0,0,0,0,USA,1,0,0,0,0,0,0,,,Female,1,21 to 30,1,Some college or university - didn't finish,0,0,0,1,0
579279-579270-57172949,8,6 to 9,6 to 9,5,1 to 2 years,0,0,1,1,"Yes, but with caution",1,None. The only one I ever tried has paid membership with very limited possibilities for the members who didn' t pay the fee.,,,,0,None,None,0,0,No,No,No,0,Other,1,30,Before,Yes,1,Divorcee,0,1,none,,0,0,0,0,0,Did not find a spouse online,0,0,0,0,,,0,0,0,0,,0,,0,,,0,,0,,0,,,,0,,0,,,0,0,0,0,0,Czech Republic,0,0,0,0,0,1,0,,,Female,1,41 to 50,0,University - undergraduate degree,1,0,0,0,0
579279-579270-62840423,3,Three,Three,3,1 to 2 years,0,0,1,1,"Yes, but with caution",1,Muzmatch,Muzmatch,,,0,None,None,0,0,No,No,No,0,Other,1,3,,No,0,Single,1,2,,,0,0,0,0,0,,0,0,0,0,,,0,0,0,0,,0,,0,,,0,,0,,0,,,,0,,0,,,0,0,0,0,0,Costa Rica ,0,0,0,0,0,0,1,,,Female,1,21 to 30,1,University - undergraduate degree,1,0,0,0,0
579279-579270-63189081,5,4 to 5,4 to 5,4,4 to 12 months,0,1,0,2,"No, except in certain cases",0,,,,,0,None,None,0,0,No,No,No,0,Other,1,1,Before,No,0,Single,1,2,,,0,0,0,0,0,,0,0,0,0,,,0,0,0,0,,0,,0,,,0,,0,,0,,,,0,,0,,,0,0,0,0,0,USA,1,0,0,0,0,0,0,,,Female,1,21 to 30,1,University - undergraduate degree,1,0,0,0,0
579279-579270-63888533,1,One,One,1,0 to 30 days,1,0,0,1,"No, except in certain cases",0,,,,,2,2 to 3,2 to 3,2,0,No,Yes,No,1,All my life,0,,,No,0,Single,1,2,,,0,0,0,0,0,,0,0,0,0,,,0,0,0,0,,0,,0,,,0,,0,,0,,,,0,,0,,,0,0,0,0,0,UK,0,1,0,0,0,0,0,,,Female,1,21 to 30,1,University - undergraduate degree,1,0,0,0,0
579279-579270-63894842,3,Three,Three,3,0 to 30 days,1,0,0,3,"No, except in certain cases",0,,,,,3,2 to 3,2 to 3,2,0,No,No,No,0,All my life,0,,,No,0,Single,1,2,,,0,0,0,0,0,,0,0,0,0,,,0,0,0,0,,0,,0,,,0,,0,,0,,,,0,,0,,,0,0,0,0,0,Canada,0,0,1,0,0,0,0,,,Male,0,21 to 30,1,University - undergraduate degree,1,0,0,0,0
579279-579270-63889523,10,10 and up,10 and up,6,1 to 2 years,0,0,1,3,"Yes, but with caution",1,Muzmatch as I felt it was user friendly to the eyes,Muzmatch,,,3,2 to 3,2 to 3,2,0,No,No,No,0,All my life,0,,,No,0,Single,1,2,,,0,0,0,0,0,,0,0,0,0,,,0,0,0,0,,0,,0,,,0,,0,,0,,,,0,,0,,,0,0,0,0,0,UK,0,1,0,0,0,0,0,,,Female,1,21 to 30,1,University - undergraduate degree,1,0,0,0,0
579279-579270-63894375,3,Three,Three,3,1 to 2 years,0,0,1,3,"Yes, but with caution",1,Facebook ,Facebook,,,2,2 to 3,2 to 3,2,0,No,No,No,0,All my life,0,,,No,0,Single,1,2,,,0,0,0,0,0,,0,0,0,0,,,0,0,0,0,,0,,0,,,0,,0,,0,,,,0,,0,,,0,0,0,0,0,USA,1,0,0,0,0,0,0,,,Female,1,21 to 30,1,Some college or university - didn't finish,0,0,0,1,0
579279-579270-63895216,5,4 to 5,4 to 5,4,1 to 2 years,0,0,1,2,"No, except in certain cases",0,,,,,3,2 to 3,2 to 3,2,0,No,No,No,0,All my life,0,,,No,0,Single,1,2,,,0,0,0,0,0,,0,0,0,0,,,0,0,0,0,,0,,0,,,0,,0,,0,,,,0,,0,,,0,0,0,0,0,USA,1,0,0,0,0,0,0,,,Male,0,21 to 30,1,University - graduate degree (PhD),0,1,0,0,0
579279-579270-63902086,6,6 to 9,6 to 9,5,1 to 2 years,0,0,1,2,"No, except in certain cases",0,,,,,3,2 to 3,2 to 3,2,0,No,No,Yes,1,All my life,0,,,No,0,Single,1,2,,,0,0,0,0,0,,0,0,0,0,,,0,0,0,0,,0,,0,,,0,,0,,0,,,,0,,0,,,0,0,0,0,0,UK,0,1,0,0,0,0,0,,,Male,0,21 to 30,1,University - undergraduate degree,1,0,0,0,0
579279-579270-63929320,6,6 to 9,6 to 9,5,1 to 2 years,0,0,1,3,"Yes, but with caution",1,"muzmatch, shaadi.com, dilMil (but this one is really casual - but some serious muslims on there too) , jeevansaathi.com",Muzmatch,Shaadi,Dil Mil,3,2 to 3,2 to 3,2,0,No,No,No,0,All my life,0,,,No,0,Single,1,2,,,0,0,0,0,0,,0,0,0,0,,,0,0,0,0,,0,,0,,,0,,0,,0,,,,0,,0,,,0,0,0,0,0,Saudi Arabia,0,0,0,1,0,0,0,India ,USA,Male,0,31 to 40,0,University - graduate degree (Masters),0,1,0,0,0
579279-579270-63933536,2,Two,Two,2,1 to 2 years,0,0,1,2,"Yes, but with caution",1,"Muzmatch, Minder, Shaadi.com",Muzmatch,Minder,Shaadi,3,2 to 3,2 to 3,2,1,No,Yes,No,1,All my life,0,,,No,0,Single,1,2,,,0,0,0,0,0,,0,0,0,0,,,0,0,0,0,,0,,0,,,0,,0,,0,,,,0,,0,,,0,0,0,0,0,USA,1,0,0,0,0,0,0,,,Male,0,21 to 30,1,University - graduate degree (Masters),0,1,0,0,0
579279-579270-63890071,12,10 and up,10 and up,6,1 to 3 months,1,0,0,6,"Yes, but with caution",1,Muzmatch  Coffee Meets Bagel  ,Muzmatch,Coffee Meets Bagel  ,,3,2 to 3,2 to 3,2,0,No,No,No,0,All my life,0,,,No,0,Single,1,2,,,0,0,0,0,0,,0,0,0,0,,,0,0,0,0,,0,,0,,,0,,0,,0,,,,0,,0,,,0,0,0,0,0,USA,1,0,0,0,0,0,0,,,Male,0,21 to 30,1,University - undergraduate degree,1,0,0,0,0
579279-579270-56995884,5,4 to 5,4 to 5,4,3 to 5 years,0,0,1,3,"Yes, but with caution",1,Shaadi.com  Halfmydeen  Muslimah,Shaadi.com,Half Our Deen,  Muslima,3,2 to 3,2 to 3,2,0,No,Yes,No,1,All my life,0,,,Yes,1,Divorcee,0,1,None,,0,0,0,0,0,Did not find a spouse online,0,0,0,0,,,0,0,0,0,,0,,0,,,0,,0,,0,,,,0,,0,,,0,0,0,0,0,Saudi Arabia,0,0,0,1,0,0,0,India,USA,Female,1,31 to 40,0,College diploma or certificate,0,0,1,0,0
579279-579270-62817959,6,6 to 9,6 to 9,5,3 to 5 years,0,0,1,3,"No, except in certain cases",0,,,,,2,2 to 3,2 to 3,2,0,Yes,Yes,No,1,All my life,0,,,No,0,Single,1,2,,,0,0,0,0,0,,0,0,0,0,,,0,0,0,0,,0,,0,,,0,,0,,0,,,,0,,0,,,0,0,0,0,0,France,0,0,0,0,0,1,0,USA,,Female,1,21 to 30,1,Some college or university - didn't finish,0,0,0,1,0
579279-579270-62840213,8,6 to 9,6 to 9,5,3 to 5 years,0,0,1,6,Absolutely not,0,,,,,3,2 to 3,2 to 3,2,0,Yes,Yes,Yes,1,All my life,0,,,No,0,Single,1,2,,,0,0,0,0,0,,0,0,0,0,,,0,0,0,0,,0,,0,,,0,,0,,0,,,,0,,0,,,0,0,0,0,0,Netherlands,0,0,0,0,0,1,0,,,Male,0,31 to 40,0,University - undergraduate degree,1,0,0,0,0
579279-579270-63888602,3,Three,Three,3,3 to 5 years,0,0,1,5,"Yes, but with caution",1,,,,,2,2 to 3,2 to 3,2,0,No,No,No,0,All my life,0,,,No,0,Single,1,2,,,0,0,0,0,0,,0,0,0,0,,,0,0,0,0,,0,,0,,,0,,0,,0,,,,0,,0,,,0,0,0,0,0,Canada ,0,0,1,0,0,0,0,,,Female,1,21 to 30,1,University - undergraduate degree,1,0,0,0,0
579279-579270-63890189,5,4 to 5,4 to 5,4,3 to 5 years,0,0,1,2,"Yes, but with caution",1,None. ,,,,3,2 to 3,2 to 3,2,0,Yes,No,No,1,All my life,0,,,No,0,Single,1,2,,,0,0,0,0,0,,0,0,0,0,,,0,0,0,0,,0,,0,,,0,,0,,0,,,,0,,0,,,0,0,0,0,0,USA,1,0,0,0,0,0,0,,,Female,1,21 to 30,1,University - undergraduate degree,1,0,0,0,0
579279-579270-63890322,1,One,One,1,3 to 5 years,0,0,1,3,"Yes, but with caution",1,,,,,2,2 to 3,2 to 3,2,0,No,No,No,0,All my life,0,,,No,0,Single,1,2,,,0,0,0,0,0,,0,0,0,0,,,0,0,0,0,,0,,0,,,0,,0,,0,,,,0,,0,,,0,0,0,0,0,USA,1,0,0,0,0,0,0,,,Male,0,21 to 30,1,University - undergraduate degree,1,0,0,0,0
579279-579270-63892763,3,Three,Three,3,3 to 5 years,0,0,1,3,"Yes, but with caution",1,No idea. None worked for me.,,,,2,2 to 3,2 to 3,2,0,Yes,Yes,No,1,All my life,0,,,No,0,Single,1,2,,,0,0,0,0,0,,0,0,0,0,,,0,0,0,0,,0,,0,,,0,,0,,0,,,,0,,0,,,0,0,0,0,0,Algeria,0,0,0,0,1,0,0,,,Female,1,21 to 30,1,University - graduate degree (Masters),0,1,0,0,0
579279-579270-63894609,99,10 and up,10 and up,6,3 to 5 years,0,0,1,3,"Yes, but with caution",1,"Muzmatch, Minder",Muzmatch,Minder,,2,2 to 3,2 to 3,2,0,No,No,No,0,All my life,0,,,No,0,Single,1,2,,,0,0,0,0,0,,0,0,0,0,,,0,0,0,0,,0,,0,,,0,,0,,0,,,,0,,0,,,0,0,0,0,0,UK,0,1,0,0,0,0,0,Canada,USA,Female,1,31 to 40,0,University - undergraduate degree,1,0,0,0,0
579279-579270-63895527,1,One,One,1,3 to 5 years,0,0,1,3,"Yes, but with caution",1,Muzmatch,Muzmatch,,,2,2 to 3,2 to 3,2,0,No,No,No,0,All my life,0,,,No,0,Single,1,2,,,0,0,0,0,0,,0,0,0,0,,,0,0,0,0,,0,,0,,,0,,0,,0,,,,0,,0,,,0,0,0,0,0,USA,1,0,0,0,0,0,0,,,Female,1,21 to 30,1,University - undergraduate degree,1,0,0,0,0
579279-579270-63892023,5,4 to 5,4 to 5,4,4 to 12 months,0,1,0,2,"Yes, but with caution",1,Not muzmatch,,,,2,2 to 3,2 to 3,2,0,No,No,No,0,All my life,0,,,No,0,Single,1,2,,,0,0,0,0,0,,0,0,0,0,,,0,0,0,0,,0,,0,,,0,,0,,0,,,,0,,0,,,0,0,0,0,0,UK,0,1,0,0,0,0,0,,,Female,1,21 to 30,1,University - graduate degree (Masters),0,1,0,0,0
579279-579270-63917822,3,Three,Three,3,4 to 12 months,0,1,0,2,"Yes, but with caution",1,Minder,Minder,,,2,2 to 3,2 to 3,2,1,No,No,No,0,All my life,0,,,No,0,Single,1,2,,,0,0,0,0,0,,0,0,0,0,,,0,0,0,0,,0,,0,,,0,,0,,0,,,,0,,0,,,0,0,0,0,0,USA,1,0,0,0,0,0,0,,,Male,0,31 to 40,0,University - undergraduate degree,1,0,0,0,0
579279-579270-57018683,1,One,One,1,No longer searching,0,0,0,1,"No, except in certain cases",0,,,,,3,2 to 3,2 to 3,2,0,No,No,No,0,All my life,0,,,No,0,Single,1,2,,,0,0,0,0,0,,0,0,0,0,,,0,0,0,0,,0,,0,,,0,,0,,0,,,,0,,0,,,0,0,0,0,0,Canada,0,0,0,0,1,0,0,Egypt ,,Female,1,21 to 30,1,University - undergraduate degree,1,0,0,0,0
579279-579270-63887756,2,Two,Two,2,No longer searching,0,0,0,1,"Yes, but with caution",1,Muzmatch ,Muzmatch,,,2,2 to 3,2 to 3,2,1,No,No,No,0,All my life,0,,,No,0,Single,1,2,,,0,0,0,0,0,,0,0,0,0,,,0,0,0,0,,0,,0,,,0,,0,,0,,,,0,,0,,,0,0,0,0,0,UK,0,1,0,0,0,0,0,,,Male,0,31 to 40,0,College diploma or certificate,0,0,1,0,0
579279-579270-63893017,3,Three,Three,3,No longer searching,0,0,0,2,"No, except in certain cases",0,,,,,3,2 to 3,2 to 3,2,0,Yes,No,No,1,All my life,0,,,No,0,Single,1,2,,,0,0,0,0,0,,0,0,0,0,,,0,0,0,0,,0,,0,,,0,,0,,0,,,,0,,0,,,0,0,0,0,0,USA,1,0,0,0,0,0,0,,,Female,1,21 to 30,1,University - undergraduate degree,1,0,0,0,0
579279-579270-63934770,1,One,One,1,No longer searching,0,0,0,2,"Yes, but with caution",1,,,,,2,2 to 3,2 to 3,2,1,No,No,No,0,All my life,0,,,No,0,Single,1,2,,,0,0,0,0,0,,0,0,0,0,,,0,0,0,0,,0,,0,,,0,,0,,0,,,,0,,0,,,0,0,0,0,0,Malawi,0,0,0,0,0,0,1,,,Female,1,21 to 30,1,University - graduate degree (Masters),0,1,0,0,0
579279-579270-63941616,1,One,One,1,No longer searching,0,0,0,3,"Yes, 100%",1,Hinge ,Hinge ,,,2,2 to 3,2 to 3,2,1,No,No,No,0,All my life,0,,,No,0,Single,1,2,,,0,0,0,0,0,,0,0,0,0,,,0,0,0,0,,0,,0,,,0,,0,,0,,,,0,,0,,,0,0,0,0,0,Canada,0,0,1,0,0,0,0,,,Female,1,21 to 30,1,University - undergraduate degree,1,0,0,0,0
579279-579270-63889799,1,One,One,1,Over 5 years,0,0,1,3,"Yes, 100%",1,"Minder, Muzmatch, dilmil",Minder,Muzmatch,Dil Mil,3,2 to 3,2 to 3,2,0,No,No,No,0,All my life,0,,,No,0,Single,1,2,,,0,0,0,0,0,,0,0,0,0,,,0,0,0,0,,0,,0,,,0,,0,,0,,,,0,,0,,,0,0,0,0,0,USA,1,0,0,0,0,0,0,,,Male,0,31 to 40,0,University - undergraduate degree,1,0,0,0,0
579279-579270-63893088,3,Three,Three,3,Over 5 years,0,0,1,3,"Yes, but with caution",1,,,,,3,2 to 3,2 to 3,2,0,No,No,No,0,All my life,0,,,No,0,Single,1,2,,,0,0,0,0,0,,0,0,0,0,,,0,0,0,0,,0,,0,,,0,,0,,0,,,,0,,0,,,0,0,0,0,0,USA,1,0,0,0,0,0,0,,,Male,0,21 to 30,1,University - undergraduate degree,1,0,0,0,0
579279-579270-64008475,10,10 and up,10 and up,6,Over 5 years,0,0,1,3,"No, except in certain cases",0,,,,,2,2 to 3,2 to 3,2,0,No,No,No,0,All my life,0,,,No,0,Single,1,2,,,0,0,0,0,0,,0,0,0,0,,,0,0,0,0,,0,,0,,,0,,0,,0,,,,0,,0,,,0,0,0,0,0,USA,1,0,0,0,0,0,0,,,Female,1,31 to 40,0,University - undergraduate degree,1,0,0,0,0
579279-579270-62818972,2,Two,Two,2,1 to 2 years,0,0,1,2,"Yes, but with caution",1,Muzmatch Badoo ,Muzmatch,Badoo ,,4,4 to 5,4 to 5,3,0,No,No,No,0,All my life,0,,,No,0,Single,1,2,,,0,0,0,0,0,,0,0,0,0,,,0,0,0,0,,0,,0,,,0,,0,,0,,,,0,,0,,,0,0,0,0,0,UK,0,1,0,0,0,0,0,,,Female,1,21 to 30,1,University - undergraduate degree,1,0,0,0,0
579279-579270-63519979,13,10 and up,10 and up,6,3 to 5 years,0,0,1,3,"No, except in certain cases",0,,,,,5,4 to 5,4 to 5,3,1,No,No,Yes,1,All my life,0,,,No,0,Single,1,2,,,0,0,0,0,0,,0,0,0,0,,,0,0,0,0,,0,,0,,,0,,0,,0,,,,0,,0,,,0,0,0,0,0,Netherlands,0,0,0,0,0,1,0,Turkey,,Male,0,31 to 40,0,University - graduate degree (Masters),0,1,0,0,0
579279-579270-63891195,80,10 and up,10 and up,6,4 to 12 months,0,1,0,6,"Yes, but with caution",1,Muzmatch   Hinge ,Muzmatch,Hinge,,5,4 to 5,4 to 5,3,0,No,No,No,0,All my life,0,,,No,0,Single,1,2,,,0,0,0,0,0,,0,0,0,0,,,0,0,0,0,,0,,0,,,0,,0,,0,,,,0,,0,,,0,0,0,0,0,UK,0,1,0,0,0,0,0,,,Female,1,21 to 30,1,University - undergraduate degree,1,0,0,0,0
579279-579270-63889313,3,Three,Three,3,No longer searching,0,0,0,1,"Yes, but with caution",1,Muzmatch,Muzmatch,,,4,4 to 5,4 to 5,3,0,No,No,No,0,All my life,0,,,No,0,Single,1,2,,,0,0,0,0,0,,0,0,0,0,,,0,0,0,0,,0,,0,,,0,,0,,0,,,,0,,0,,,0,0,0,0,0,UK,0,1,0,0,0,0,0,,,Female,1,21 to 30,1,University - graduate degree (Masters),0,1,0,0,0
579279-579270-63891037,1,One,One,1,No longer searching,0,0,0,1,"Yes, but with caution",1,muzmatch,Muzmatch,,,4,4 to 5,4 to 5,3,0,Yes,No,No,1,All my life,0,,,No,0,Single,1,2,,,0,0,0,0,0,,0,0,0,0,,,0,0,0,0,,0,,0,,,0,,0,,0,,,,0,,0,,,0,0,0,0,0,UK,0,1,0,0,0,0,0,,,Female,1,21 to 30,1,University - graduate degree (Masters),0,1,0,0,0
579279-579270-63891068,14,10 and up,10 and up,6,No longer searching,0,0,0,7,"Yes, but with caution",1,,,,,5,4 to 5,4 to 5,3,0,No,No,No,0,All my life,0,,,No,0,Single,1,2,,,0,0,0,0,0,,0,0,0,0,,,0,0,0,0,,0,,0,,,0,,0,,0,,,,0,,0,,,0,0,0,0,0,USA,1,0,0,0,0,0,0,,,Female,1,31 to 40,0,University - graduate degree (Masters),0,1,0,0,0
579279-579270-63893405,9,6 to 9,6 to 9,5,Over 5 years,0,0,1,3,"Yes, but with caution",1,"Muzmatch, Minder",Muzmatch,Minder,,5,4 to 5,4 to 5,3,0,No,No,Yes,1,All my life,0,,,No,0,Single,1,2,,,0,0,0,0,0,,0,0,0,0,,,0,0,0,0,,0,,0,,,0,,0,,0,,,,0,,0,,,0,0,0,0,0,Canada,0,0,1,0,0,0,0,,,Female,1,31 to 40,0,University - graduate degree (Masters),0,1,0,0,0
579279-579270-63935115,10,10 and up,10 and up,6,Over 5 years,0,0,1,10,"Yes, 100%",1,Muzmatch  Minder  HalfOurDeen.com,Muzmatch,Minder,Half Our Deen,5,4 to 5,4 to 5,3,0,No,No,No,0,All my life,0,,,No,0,Single,1,2,,,0,0,0,0,0,,0,0,0,0,,,0,0,0,0,,0,,0,,,0,,0,,0,,,,0,,0,,,0,0,0,0,0,Saudi Arabia,0,0,0,0,1,0,0,Canada,,Male,0,31 to 40,0,University - undergraduate degree,1,0,0,0,0
579279-579270-63915346,5,4 to 5,4 to 5,4,1 to 2 years,0,0,1,6,"No, except in certain cases",0,,,,,8,6 to 8 ,6 to 8 ,4,0,Yes,No,No,1,All my life,0,,,No,0,Single,1,2,,,0,0,0,0,0,,0,0,0,0,,,0,0,0,0,,0,,0,,,0,,0,,0,,,,0,,0,,,0,0,0,0,0,Saudi Arabia,1,0,0,1,0,0,0,Pakistan,USA,Female,1,31 to 40,0,University - graduate degree (Masters),0,1,0,0,0
579279-579270-63888419,20,10 and up,10 and up,6,3 to 5 years,0,0,1,3,"Yes, but with caution",1,Muzmatch ,Muzmatch,,,8,6 to 8 ,6 to 8 ,4,0,Yes,Yes,Yes,1,All my life,0,,,No,0,Single,1,2,,,0,0,0,0,0,,0,0,0,0,,,0,0,0,0,,0,,0,,,0,,0,,0,,,,0,,0,,,0,0,0,0,0,Ireland ,0,0,0,0,0,1,0,,,Female,1,21 to 30,1,University - undergraduate degree,1,0,0,0,0
579279-579270-56976477,3,Three,Three,3,4 to 12 months,0,1,0,1,"Yes, but with caution",1,Muzmatch ,Muzmatch,,,8,6 to 8 ,6 to 8 ,4,0,No,No,No,0,All my life,0,,,Yes,1,Divorcee,0,1,None,,0,0,0,0,0,Did not find a spouse online,0,0,0,0,,,0,0,0,0,,0,,0,,,0,,0,,0,,,,0,,0,,,0,0,0,0,0,UK,0,1,0,0,0,0,0,,,Female,1,41 to 50,0,Secondary/high school diploma or certificate,0,0,0,1,0
579279-579270-63890111,3,Three,Three,3,4 to 12 months,0,1,0,1,"Yes, but with caution",1,I have only used muzmatch,Muzmatch,,,7,6 to 8 ,6 to 8 ,4,1,Yes,No,Yes,1,All my life,0,,,No,0,Single,1,2,,,0,0,0,0,0,,0,0,0,0,,,0,0,0,0,,0,,0,,,0,,0,,0,,,,0,,0,,,0,0,0,0,0,UK,0,1,0,0,0,0,0,,,Female,1,21 to 30,1,University - undergraduate degree,1,0,0,0,0
579279-579270-57465440,2,Two,Two,2,0 to 30 days,1,0,0,1,"No, except in certain cases",0,,,,,20,9 and up,9 and up,5,0,Yes,No,No,1,All my life,0,,,No,0,Single,1,2,,,0,0,0,0,0,,0,0,0,0,,,0,0,0,0,,0,,0,,,0,,0,,0,,,,0,,0,,,0,0,0,0,0,UK,0,1,0,0,0,0,0,,,Female,1,21 to 30,1,University - graduate degree (Masters),0,1,0,0,0
579279-579270-63892585,1,One,One,1,1 to 2 years,0,0,1,3,"Yes, 100%",1,Muzmatch,Muzmatch,,,10,9 and up,9 and up,5,0,No,No,No,0,All my life,0,,,No,0,Single,1,2,,,0,0,0,0,0,,0,0,0,0,,,0,0,0,0,,0,,0,,,0,,0,,0,,,,0,,0,,,0,0,0,0,0,Canada,0,0,1,0,0,0,0,,,Female,1,21 to 30,1,University - undergraduate degree,1,0,0,0,0
579279-579270-63911885,1,One,One,1,1 to 2 years,0,0,1,1,"No, except in certain cases",0,,,,,9,9 and up,9 and up,5,0,No,No,No,0,All my life,0,,,No,0,Single,1,2,,,0,0,0,0,0,,0,0,0,0,,,0,0,0,0,,0,,0,,,0,,0,,0,,,,0,,0,,,0,0,0,0,0,UK,0,1,0,0,0,0,0,,,Female,1,21 to 30,1,University - graduate degree (Masters),0,1,0,0,0
579279-579270-56972019,50,10 and up,10 and up,6,3 to 5 years,0,0,1,5,"No, except in certain cases",0,,,,,10,9 and up,9 and up,5,0,Yes,Yes,No,1,All my life,0,,,No,0,Single,1,2,,,0,0,0,0,0,,0,0,0,0,,,0,0,0,0,,0,,0,,,0,,0,,0,,,,0,,0,,,0,0,0,0,0,UK,0,1,0,0,0,0,0,,,Female,1,21 to 30,1,University - graduate degree (Masters),0,1,0,0,0
579279-579270-63887741,6,6 to 9,6 to 9,5,3 to 5 years,0,0,1,8,"Yes, but with caution",1,"Reddit (r/MuslimMarriage), MuzMatch",Reddit,Muzmatch,,11,9 and up,9 and up,5,0,Yes,No,No,1,All my life,0,,,No,0,Single,1,2,,,0,0,0,0,0,,0,0,0,0,,,0,0,0,0,,0,,0,,,0,,0,,0,,,,0,,0,,,0,0,0,0,0,USA,1,0,0,0,0,0,0,,,Female,1,21 to 30,1,University - undergraduate degree,1,0,0,0,0
579279-579270-63888604,1,One,One,1,4 to 12 months,0,1,0,3,"Yes, but with caution",1,,,,,20,9 and up,9 and up,5,0,No,No,No,0,All my life,0,,,No,0,Single,1,2,,,0,0,0,0,0,,0,0,0,0,,,0,0,0,0,,0,,0,,,0,,0,,0,,,,0,,0,,,0,0,0,0,0,USA,1,0,0,0,0,0,0,,,Male,0,21 to 30,1,College diploma or certificate,0,0,1,0,0
579279-579270-63890471,7,6 to 9,6 to 9,5,4 to 12 months,0,1,0,4,"Yes, but with caution",1,Hinge  Muzmatch (extreme caution),Hinge,Muzmatch,,35,9 and up,9 and up,5,0,No,No,No,0,All my life,0,,,No,0,Single,1,2,,,0,0,0,0,0,,0,0,0,0,,,0,0,0,0,,0,,0,,,0,,0,,0,,,,0,,0,,,0,0,0,0,0,Pakistan,0,0,0,1,0,0,0,,,Male,0,31 to 40,0,University - graduate degree (Masters),0,1,0,0,0
579279-579270-57012099,12,10 and up,10 and up,6,No longer searching,0,0,0,1,"Yes, but with caution",1,Single muslim,Single Muslim,,,15,9 and up,9 and up,5,0,Yes,No,No,1,All my life,0,,,No,0,Single,1,2,,,0,0,0,0,0,,0,0,0,0,,,0,0,0,0,,0,,0,,,0,,0,,0,,,,0,,0,,,0,0,0,0,0,UK,0,1,0,0,0,0,0,,,Female,1,31 to 40,0,College diploma or certificate,0,0,1,0,0
579279-579270-57022734,1,One,One,1,0 to 30 days,1,0,0,1,"Yes, but with caution",1,,,,,0,None,None,0,0,No,No,No,0,All my life,0,,,No,0,Single,1,2,,,0,0,0,0,0,,0,0,0,0,,,0,0,0,0,,0,,0,,,0,,0,,0,,,,0,,0,,,0,0,0,0,0,Canada,0,0,1,0,0,0,0,,,Female,1,21 to 30,1,University - graduate degree (Masters),0,1,0,0,0
579279-579270-57034214,1,One,One,1,0 to 30 days,1,0,0,1,Absolutely not,0,,,,,0,None,None,0,0,No,No,No,0,All my life,0,,,Yes,1,Divorcee,0,1,,,0,0,0,0,0,Did not find a spouse online,0,0,0,0,,,0,0,0,0,,0,,0,,,0,,0,,0,,,,0,,0,,,0,0,0,0,0,UK,0,1,0,0,0,0,0,,,Male,0,41 to 50,0,College diploma or certificate,0,0,1,0,0
579279-579270-57058152,2,Two,Two,2,0 to 30 days,1,0,0,1,"No, except in certain cases",0,,,,,0,None,None,0,0,No,No,No,0,All my life,0,,,No,0,Single,1,2,,,0,0,0,0,0,,0,0,0,0,,,0,0,0,0,,0,,0,,,0,,0,,0,,,,0,,0,,,0,0,0,0,0,Canada ,0,0,1,0,0,0,0,,,Female,1,21 to 30,1,College diploma or certificate,0,0,1,0,0
579279-579270-62852269,1,One,One,1,0 to 30 days,1,0,0,2,"Yes, but with caution",1,Reddit,Reddit,,,0,None,None,0,0,No,No,No,0,All my life,0,,,No,0,Single,1,2,,,0,0,0,0,0,,0,0,0,0,,,0,0,0,0,,0,,0,,,0,,0,,0,,,,0,,0,,,0,0,0,0,0,Canada,0,0,1,0,0,0,0,,,Male,0,21 to 30,1,University - graduate degree (Masters),0,1,0,0,0
579279-579270-62903585,2,Two,Two,2,0 to 30 days,1,0,0,3,"Yes, but with caution",1,N/A,,,,0,None,None,0,0,No,No,No,0,All my life,0,,,No,0,Single,1,2,,,0,0,0,0,0,,0,0,0,0,,,0,0,0,0,,0,,0,,,0,,0,,0,,,,0,,0,,,0,0,0,0,0,Canada,0,0,1,0,0,0,0,,,Female,1,21 to 30,1,Some college or university - didn't finish,0,0,0,1,0
579279-579270-63026742,1,One,One,1,0 to 30 days,1,0,0,2,"Yes, but with caution",1,Muzmatch  ,Muzmatch,,,0,None,None,0,0,No,No,No,0,All my life,0,,,No,0,Single,1,2,,,0,0,0,0,0,,0,0,0,0,,,0,0,0,0,,0,,0,,,0,,0,,0,,,,0,,0,,,0,0,0,0,0,UK,0,1,0,0,0,0,0,,,Male,0,21 to 30,1,Secondary/high school diploma or certificate,0,0,0,1,0
579279-579270-63893241,1,One,One,1,0 to 30 days,1,0,0,1,"Yes, but with caution",1,,,,,0,None,None,0,0,No,No,No,0,All my life,0,,,No,0,Single,1,2,,,0,0,0,0,0,,0,0,0,0,,,0,0,0,0,,0,,0,,,0,,0,,0,,,,0,,0,,,0,0,0,0,0,Canada,0,0,1,0,0,0,0,,,Female,1,21 to 30,1,University - undergraduate degree,1,0,0,0,0
579279-579270-63896241,3,Three,Three,3,0 to 30 days,1,0,0,2,"Yes, 100%",1,MuslimsMeet.online,Muslims Meet Online,,,0,None,None,0,0,No,No,No,0,All my life,0,,,No,0,Single,1,2,,,0,0,0,0,0,,0,0,0,0,,,0,0,0,0,,0,,0,,,0,,0,,0,,,,0,,0,,,0,0,0,0,0,UAE,0,0,0,0,1,0,0,,,Male,0,21 to 30,1,University - undergraduate degree,1,0,0,0,0
579279-579270-62844280,1,One,One,1,1 to 2 years,0,0,1,3,"No, except in certain cases",0,,,,,0,None,None,0,0,No,No,No,0,All my life,0,,,No,0,Single,1,2,,,0,0,0,0,0,,0,0,0,0,,,0,0,0,0,,0,,0,,,0,,0,,0,,,,0,,0,,,0,0,0,0,0,North America,0,0,0,0,0,0,1,,,Male,0,21 to 30,1,University - undergraduate degree,1,0,0,0,0
579279-579270-63889514,1,One,One,1,1 to 2 years,0,0,1,1,"No, except in certain cases",0,,,,,0,None,None,0,0,No,No,No,0,All my life,0,,,No,0,Single,1,2,,,0,0,0,0,0,,0,0,0,0,,,0,0,0,0,,0,,0,,,0,,0,,0,,,,0,,0,,,0,0,0,0,0,India,0,0,0,1,0,0,0,,,Female,1,21 to 30,1,University - graduate degree (Masters),0,1,0,0,0
579279-579270-63891165,3,Three,Three,3,1 to 2 years,0,0,1,3,"Yes, but with caution",1,"Hinge, if it had more practising muslims on it.",Hinge,,,0,None,None,0,0,No,No,No,0,All my life,0,,,No,0,Single,1,2,,,0,0,0,0,0,,0,0,0,0,,,0,0,0,0,,0,,0,,,0,,0,,0,,,,0,,0,,,0,0,0,0,0,UK,0,1,0,0,0,0,0,,,Male,0,21 to 30,1,University - undergraduate degree,1,0,0,0,0
579279-579270-63892207,99,10 and up,10 and up,6,1 to 2 years,0,0,1,2,"Yes, but with caution",1,Muzmatch,Muzmatch,,,0,None,None,0,0,No,Yes,Yes,1,All my life,0,,,No,0,Single,1,2,,,0,0,0,0,0,,0,0,0,0,,,0,0,0,0,,0,,0,,,0,,0,,0,,,,0,,0,,,0,0,0,0,0,Algeria,0,0,0,0,1,0,0,,,Male,0,21 to 30,1,University - undergraduate degree,1,0,0,0,0
579279-579270-63892482,3,Three,Three,3,1 to 2 years,0,0,1,2,"Yes, but with caution",1,Muzmatch ,Muzmatch,,,0,None,None,0,0,No,No,No,0,All my life,0,,,No,0,Single,1,2,,,0,0,0,0,0,,0,0,0,0,,,0,0,0,0,,0,,0,,,0,,0,,0,,,,0,,0,,,0,0,0,0,0,UK,0,1,0,0,0,0,0,,,Female,1,21 to 30,1,University - undergraduate degree,1,0,0,0,0
579279-579270-63892812,4,4 to 5,4 to 5,4,1 to 2 years,0,0,1,3,Absolutely not,0,,,,,0,None,None,0,0,No,No,No,0,All my life,0,,,No,0,Single,1,2,,,0,0,0,0,0,,0,0,0,0,,,0,0,0,0,,0,,0,,,0,,0,,0,,,,0,,0,,,0,0,0,0,0,USA,1,0,0,0,0,0,0,,,Female,1,21 to 30,1,University - undergraduate degree,1,0,0,0,0
579279-579270-63893154,4,4 to 5,4 to 5,4,1 to 2 years,0,0,1,2,"No, except in certain cases",0,,,,,0,None,None,0,0,No,No,No,0,All my life,0,,,No,0,Single,1,2,,,0,0,0,0,0,,0,0,0,0,,,0,0,0,0,,0,,0,,,0,,0,,0,,,,0,,0,,,0,0,0,0,0,USA,1,0,0,0,0,0,0,,,Female,1,21 to 30,1,University - undergraduate degree,1,0,0,0,0
579279-579270-63896286,4,4 to 5,4 to 5,4,1 to 2 years,0,0,1,2,"Yes, but with caution",1,Muzmatch ,Muzmatch,,,0,None,None,0,0,No,No,No,0,All my life,0,,,No,0,Single,1,2,,,0,0,0,0,0,,0,0,0,0,,,0,0,0,0,,0,,0,,,0,,0,,0,,,,0,,0,,,0,0,0,0,0,USA,1,0,0,0,0,0,0,,,Female,1,21 to 30,1,University - graduate degree (PhD),0,1,0,0,0
579279-579270-63908930,3,Three,Three,3,1 to 2 years,0,0,1,2,"Yes, but with caution",1,,,,,0,None,None,0,0,Yes,Yes,No,1,All my life,0,,,No,0,Single,1,2,,,0,0,0,0,0,,0,0,0,0,,,0,0,0,0,,0,,0,,,0,,0,,0,,,,0,,0,,,0,0,0,0,0,USA,1,0,0,0,0,0,0,,,Male,0,21 to 30,1,University - undergraduate degree,1,0,0,0,0
579279-579270-63933858,2,Two,Two,2,1 to 2 years,0,0,1,3,"Yes, but with caution",1,None ,,,,0,None,None,0,0,Yes,No,No,1,All my life,0,,,No,0,Single,1,2,,,0,0,0,0,0,,0,0,0,0,,,0,0,0,0,,0,,0,,,0,,0,,0,,,,0,,0,,,0,0,0,0,0,UK,0,1,0,0,0,0,0,,,Female,1,21 to 30,1,University - graduate degree (Masters),0,1,0,0,0
579279-579270-56994514,1,One,One,1,1 to 3 months,1,0,0,1,"Yes, but with caution",1,Single Muslim ,Single Muslim ,,,0,None,None,0,0,No,No,No,0,All my life,0,,,Yes,1,Divorcee,0,1,None ,,0,0,0,0,0,Did not find a spouse online,0,0,0,0,,,0,0,0,0,,0,,0,,,0,,0,,0,,,,0,,0,,,0,0,0,0,0,UK,0,1,0,0,0,0,0,,,Female,1,31 to 40,0,College diploma or certificate,0,0,1,0,0
579279-579270-57017529,1,One,One,1,1 to 3 months,1,0,0,2,"Yes, but with caution",1,Minder,Minder,,,0,None,None,0,0,No,No,No,0,All my life,0,,,No,0,Single,1,2,,,0,0,0,0,0,,0,0,0,0,,,0,0,0,0,,0,,0,,,0,,0,,0,,,,0,,0,,,0,0,0,0,0,India ,0,0,0,1,0,0,0,,,Female,1,21 to 30,1,University - graduate degree (Masters),0,1,0,0,0
579279-579270-62494995,1,One,One,1,1 to 3 months,1,0,0,1,"Yes, but with caution",1,Single Muslims,Single Muslim,,,0,None,None,0,0,No,No,No,0,All my life,0,,,No,0,Single,1,2,,,0,0,0,0,0,,0,0,0,0,,,0,0,0,0,,0,,0,,,0,,0,,0,,,,0,,0,,,0,0,0,0,0,UK,0,1,0,0,0,0,0,,,Female,1,21 to 30,1,University - undergraduate degree,1,0,0,0,0
579279-579270-63887787,2,Two,Two,2,1 to 3 months,1,0,0,1,"Yes, but with caution",1,,,,,0,None,None,0,0,No,No,No,0,All my life,0,,,No,0,Single,1,2,,,0,0,0,0,0,,0,0,0,0,,,0,0,0,0,,0,,0,,,0,,0,,0,,,,0,,0,,,0,0,0,0,0,UK,0,1,0,0,0,0,0,,,Female,1,21 to 30,1,University - undergraduate degree,1,0,0,0,0
579279-579270-63925088,1,One,One,1,1 to 3 months,1,0,0,1,"Yes, but with caution",1,,,,,0,None,None,0,0,No,No,No,0,All my life,0,,,No,0,Single,1,2,,,0,0,0,0,0,,0,0,0,0,,,0,0,0,0,,0,,0,,,0,,0,,0,,,,0,,0,,,0,0,0,0,0,Pakistan,0,0,0,1,0,0,0,,,Female,1,16 to 20,1,Secondary/high school diploma or certificate,0,0,0,1,0
579279-579270-63975614,60,10 and up,10 and up,6,1 to 3 months,1,0,0,4,"Yes, 100%",1,"Tinder or OkCupid. Muzzmatch restricts the number of swipes you get per day, and tries to get WOMEN to pay for the app. Women can use every other app for free because of the distorted male/female ratios, so I prefer Tinder or OkCupid to Muzzmatch.",Tinder,OkCupid,,0,None,None,0,0,No,No,No,0,All my life,0,,,No,0,Single,1,2,,,0,0,0,0,0,,0,0,0,0,,,0,0,0,0,,0,,0,,,0,,0,,0,,,,0,,0,,,0,0,0,0,0,Saudi Arabia,0,0,0,0,1,0,0,Egypt,Sudan,Female,1,21 to 30,1,University - undergraduate degree,1,0,0,0,0
579279-579270-57007059,3,Three,Three,3,3 to 5 years,0,0,1,2,"Yes, but with caution",1,Pure matrimony  ,Pure Matrimony,,,0,None,None,0,0,No,No,No,0,All my life,0,,,No,0,Single,1,2,,,0,0,0,0,0,,0,0,0,0,,,0,0,0,0,,0,,0,,,0,,0,,0,,,,0,,0,,,0,0,0,0,0,UK,0,1,0,0,0,0,0,,,Male,0,41 to 50,0,College diploma or certificate,0,0,1,0,0
579279-579270-63889234,3,Three,Three,3,3 to 5 years,0,0,1,2,"Yes, but with caution",1,Muzmatch,Muzmatch,,,0,None,None,0,0,No,No,No,0,All my life,0,,,No,0,Single,1,2,,,0,0,0,0,0,,0,0,0,0,,,0,0,0,0,,0,,0,,,0,,0,,0,,,,0,,0,,,0,0,0,0,0,Ireland,0,0,0,0,0,1,0,,,Female,1,21 to 30,1,University - undergraduate degree,1,0,0,0,0
579279-579270-63890233,5,4 to 5,4 to 5,4,3 to 5 years,0,0,1,5,"No, except in certain cases",0,,,,,0,None,None,0,0,No,Yes,No,1,All my life,0,,,No,0,Single,1,2,,,0,0,0,0,0,,0,0,0,0,,,0,0,0,0,,0,,0,,,0,,0,,0,,,,0,,0,,,0,0,0,0,0,Canada,0,0,1,0,0,0,0,,,Female,1,16 to 20,1,University - undergraduate degree,1,0,0,0,0
579279-579270-63892232,5,4 to 5,4 to 5,4,3 to 5 years,0,0,1,1,"Yes, but with caution",1,Muzmatch ,Muzmatch,,,0,None,None,0,0,No,No,No,0,All my life,0,,,No,0,Single,1,2,,,0,0,0,0,0,,0,0,0,0,,,0,0,0,0,,0,,0,,,0,,0,,0,,,,0,,0,,,0,0,0,0,0,USA,1,0,0,0,0,0,0,,,Female,1,21 to 30,1,University - undergraduate degree,1,0,0,0,0
579279-579270-63892254,3,Three,Three,3,3 to 5 years,0,0,1,3,"No, except in certain cases",0,,,,,0,None,None,0,0,No,No,No,0,All my life,0,,,No,0,Single,1,2,,,0,0,0,0,0,,0,0,0,0,,,0,0,0,0,,0,,0,,,0,,0,,0,,,,0,,0,,,0,0,0,0,0,Lebanon,0,0,0,0,1,0,0,,,Female,1,21 to 30,1,University - undergraduate degree,1,0,0,0,0
579279-579270-63892488,3,Three,Three,3,3 to 5 years,0,0,1,4,"Yes, but with caution",1,Muzmatch,Muzmatch,,,0,None,None,0,0,No,No,No,0,All my life,0,,,No,0,Single,1,2,,,0,0,0,0,0,,0,0,0,0,,,0,0,0,0,,0,,0,,,0,,0,,0,,,,0,,0,,,0,0,0,0,0,Canada,0,0,1,0,0,0,0,,,Female,1,21 to 30,1,University - graduate degree (Masters),0,1,0,0,0
579279-579270-63897270,1,One,One,1,3 to 5 years,0,0,1,3,Absolutely not,0,,,,,0,None,None,0,0,No,No,No,0,All my life,0,,,No,0,Single,1,2,,,0,0,0,0,0,,0,0,0,0,,,0,0,0,0,,0,,0,,,0,,0,,0,,,,0,,0,,,0,0,0,0,0,USA,1,0,0,0,0,0,0,,,Male,0,31 to 40,0,University - graduate degree (Masters),0,1,0,0,0
579279-579270-63947053,7,6 to 9,6 to 9,5,3 to 5 years,0,0,1,3,"Yes, but with caution",1,,,,,0,None,None,0,0,No,No,No,0,All my life,0,,,No,0,Single,1,2,,,0,0,0,0,0,,0,0,0,0,,,0,0,0,0,,0,,0,,,0,,0,,0,,,,0,,0,,,0,0,0,0,0,USA,1,0,0,0,0,0,0,,,Female,1,21 to 30,1,University - graduate degree (Masters),0,1,0,0,0
579279-579270-57008805,1,One,One,1,4 to 12 months,0,1,0,4,"Yes, but with caution",1,Pure matrimony and single muslims,Pure Matrimony,Single Muslim,,0,None,None,0,0,No,No,No,0,All my life,0,,,Yes,1,Divorcee,0,1,N/A,,0,0,0,0,0,Did not find a spouse online,0,0,0,0,,,0,0,0,0,,0,,0,,,0,,0,,0,,,,0,,0,,,0,0,0,0,0,UK,0,1,0,0,0,0,0,,,Female,1,31 to 40,0,University - undergraduate degree,1,0,0,0,0
579279-579270-62817970,10,10 and up,10 and up,6,4 to 12 months,0,1,0,3,"Yes, but with caution",1,MuzMatch,Muzmatch,,,0,None,None,0,0,Yes,Yes,Yes,1,All my life,0,,,No,0,Single,1,2,,,0,0,0,0,0,,0,0,0,0,,,0,0,0,0,,0,,0,,,0,,0,,0,,,,0,,0,,,0,0,0,0,0,UAE,0,0,0,0,1,0,0,,,Female,1,16 to 20,1,University - undergraduate degree,1,0,0,0,0
579279-579270-63549968,1,One,One,1,4 to 12 months,0,1,0,2,"No, except in certain cases",0,,,,,0,None,None,0,0,No,No,No,0,All my life,0,,,No,0,Single,1,2,,,0,0,0,0,0,,0,0,0,0,,,0,0,0,0,,0,,0,,,0,,0,,0,,,,0,,0,,,0,0,0,0,0,Morocco,0,0,0,0,1,0,0,,,Male,0,21 to 30,1,University - graduate degree (Masters),0,1,0,0,0
579279-579270-63887775,3,Three,Three,3,4 to 12 months,0,1,0,2,"No, except in certain cases",0,,,,,0,None,None,0,0,No,No,No,0,All my life,0,,,No,0,Single,1,2,,,0,0,0,0,0,,0,0,0,0,,,0,0,0,0,,0,,0,,,0,,0,,0,,,,0,,0,,,0,0,0,0,0,UK,0,1,0,0,0,0,0,,,Female,1,21 to 30,1,University - undergraduate degree,1,0,0,0,0
579279-579270-63889163,3,Three,Three,3,4 to 12 months,0,1,0,3,"Yes, but with caution",1,Muzmatch,Muzmatch,,,0,None,None,0,0,No,No,No,0,All my life,0,,,Yes,1,Divorcee,0,1,None,,0,0,0,0,0,Did not find a spouse online,0,0,0,0,,,0,0,0,0,,0,,0,,,0,,0,,0,,,,0,,0,,,0,0,0,0,0,UK,0,1,0,0,0,0,0,,,Female,1,21 to 30,1,College diploma or certificate,0,0,1,0,0
579279-579270-63889231,1,One,One,1,4 to 12 months,0,1,0,3,"Yes, but with caution",1,muzmatch,Muzmatch,,,0,None,None,0,0,No,No,No,0,All my life,0,,,No,0,Single,1,2,,,0,0,0,0,0,,0,0,0,0,,,0,0,0,0,,0,,0,,,0,,0,,0,,,,0,,0,,,0,0,0,0,0,Saudi Arabia,0,0,0,1,0,0,0,Canada,India,Male,0,21 to 30,1,University - undergraduate degree,1,0,0,0,0
579279-579270-63889791,3,Three,Three,3,4 to 12 months,0,1,0,2,"Yes, but with caution",1,Muzmatch,Muzmatch,,,0,None,None,0,0,No,No,No,0,All my life,0,,,No,0,Single,1,2,,,0,0,0,0,0,,0,0,0,0,,,0,0,0,0,,0,,0,,,0,,0,,0,,,,0,,0,,,0,0,0,0,0,USA,1,0,0,0,0,0,0,,,Male,0,21 to 30,1,College diploma or certificate,0,0,1,0,0
579279-579270-63890548,1,One,One,1,4 to 12 months,0,1,0,5,"Yes, but with caution",1,Muzmatch ,Muzmatch,,,0,None,None,0,0,No,No,No,0,All my life,0,,,No,0,Single,1,2,,,0,0,0,0,0,,0,0,0,0,,,0,0,0,0,,0,,0,,,0,,0,,0,,,,0,,0,,,0,0,0,0,0,Canada,0,0,0,1,0,0,0,Pakistan,,Female,1,21 to 30,1,University - undergraduate degree,1,0,0,0,0
579279-579270-63890728,2,Two,Two,2,4 to 12 months,0,1,0,4,"Yes, but with caution",1,Minder  Muzmatch,Minder,Muzmatch,,0,None,None,0,0,No,No,No,0,All my life,0,,,No,0,Single,1,2,,,0,0,0,0,0,,0,0,0,0,,,0,0,0,0,,0,,0,,,0,,0,,0,,,,0,,0,,,0,0,0,0,0,Canada,0,0,1,0,0,0,0,,,Female,1,21 to 30,1,University - undergraduate degree,1,0,0,0,0
579279-579270-63895607,9,6 to 9,6 to 9,5,4 to 12 months,0,1,0,3,"Yes, but with caution",1,PureMatrimony,Pure Matrimony,,,0,None,None,0,0,No,No,No,0,All my life,0,,,No,0,Single,1,2,,,0,0,0,0,0,,0,0,0,0,,,0,0,0,0,,0,,0,,,0,,0,,0,,,,0,,0,,,0,0,0,0,0,Canada,0,0,1,0,0,0,0,,,Male,0,21 to 30,1,College diploma or certificate,0,0,1,0,0
579279-579270-64017355,10,10 and up,10 and up,6,4 to 12 months,0,1,0,2,"Yes, but with caution",1,,,,,0,None,None,0,0,No,No,No,0,All my life,0,,,No,0,Single,1,2,,,0,0,0,0,0,,0,0,0,0,,,0,0,0,0,,0,,0,,,0,,0,,0,,,,0,,0,,,0,0,0,0,0,USA,1,0,0,0,0,0,0,,,Female,1,21 to 30,1,University - graduate degree (Masters),0,1,0,0,0
579279-579270-57017912,1,One,One,1,No longer searching,0,0,0,1,"No, except in certain cases",0,,,,,0,None,None,0,0,No,No,No,0,All my life,0,,,No,0,Single,1,2,,,0,0,0,0,0,,0,0,0,0,,,0,0,0,0,,0,,0,,,0,,0,,0,,,,0,,0,,,0,0,0,0,0,UAE,0,0,0,0,1,0,0,,,Female,1,16 to 20,1,University - undergraduate degree,1,0,0,0,0
579279-579270-57018220,1,One,One,1,No longer searching,0,0,0,1,"No, except in certain cases",0,,,,,0,None,None,0,0,No,No,No,0,All my life,0,,,No,0,Single,1,2,,,0,0,0,0,0,,0,0,0,0,,,0,0,0,0,,0,,0,,,0,,0,,0,,,,0,,0,,,0,0,0,0,0,UAE,0,0,0,0,1,0,0,USA,Canada,Female,1,16 to 20,1,University - undergraduate degree,1,0,0,0,0
579279-579270-57023123,5,4 to 5,4 to 5,4,No longer searching,0,0,0,3,"No, except in certain cases",0,,,,,0,None,None,0,0,No,No,No,0,All my life,0,,,No,0,Single,1,2,,,0,0,0,0,0,,0,0,0,0,,,0,0,0,0,,0,,0,,,0,,0,,0,,,,0,,0,,,0,0,0,0,0,Tunisia,0,0,0,0,1,0,0,,,Male,0,31 to 40,0,University - graduate degree (PhD),0,1,0,0,0
579279-579270-57042018,1,One,One,1,No longer searching,0,0,0,3,Absolutely not,0,,,,,0,None,None,0,0,No,No,No,0,All my life,0,,,Yes,1,Single,1,2,,,0,0,0,0,0,Did not find a spouse online,0,0,0,0,,,0,0,0,0,,0,,0,,,0,,0,,0,,,,0,,0,,,0,0,0,0,0,Pakistan,0,0,0,1,0,0,0,,,Male,0,41 to 50,0,University - undergraduate degree,1,0,0,0,0
579279-579270-62297463,1,One,One,1,No longer searching,0,0,0,1,Absolutely not,0,,,,,0,None,None,0,0,No,No,No,0,All my life,0,,,No,0,Single,1,2,,,0,0,0,0,0,,0,0,0,0,,,0,0,0,0,,0,,0,,,0,,0,,0,,,,0,,0,,,0,0,0,0,0,UK,0,1,0,0,0,0,0,,,Female,1,21 to 30,1,University - undergraduate degree,1,0,0,0,0
579279-579270-62485804,1,One,One,1,No longer searching,0,0,0,1,"No, except in certain cases",0,,,,,0,None,None,0,0,No,No,No,0,All my life,0,,,No,0,Single,1,2,,,0,0,0,0,0,,0,0,0,0,,,0,0,0,0,,0,,0,,,0,,0,,0,,,,0,,0,,,0,0,0,0,0,UK,0,1,0,0,0,0,0,,,Female,1,21 to 30,1,University - graduate degree (Masters),0,1,0,0,0
579279-579270-62818037,2,Two,Two,2,No longer searching,0,0,0,2,"Yes, but with caution",1,,,,,0,None,None,0,0,No,Yes,No,1,All my life,0,,,No,0,Single,1,2,,,0,0,0,0,0,,0,0,0,0,,,0,0,0,0,,0,,0,,,0,,0,,0,,,,0,,0,,,0,0,0,0,0,UK,0,1,0,0,0,0,0,,,Female,1,21 to 30,1,University - graduate degree (Masters),0,1,0,0,0
579279-579270-62842345,4,4 to 5,4 to 5,4,No longer searching,0,0,0,1,"No, except in certain cases",0,,,,,0,None,None,0,0,Yes,No,Yes,1,All my life,0,,,No,0,Single,1,2,,,0,0,0,0,0,,0,0,0,0,,,0,0,0,0,,0,,0,,,0,,0,,0,,,,0,,0,,,0,0,0,0,0,UK,0,1,0,0,0,0,0,,,Female,1,31 to 40,0,University - undergraduate degree,1,0,0,0,0
579279-579270-63890985,1,One,One,1,No longer searching,0,0,0,1,"Yes, 100%",1,Reddit,Reddit,,,0,None,None,0,1,No,No,No,0,All my life,0,,,No,0,Single,1,2,,,0,0,0,0,0,,0,0,0,0,,,0,0,0,0,,0,,0,,,0,,0,,0,,,,0,,0,,,0,0,0,0,0,Bosnia,0,0,0,0,0,0,1,,,Male,0,21 to 30,1,University - undergraduate degree,1,0,0,0,0
579279-579270-63894048,7,6 to 9,6 to 9,5,No longer searching,0,0,0,1,"No, except in certain cases",0,,,,,0,None,None,0,0,No,No,No,0,All my life,0,,,No,0,Single,1,2,,,0,0,0,0,0,,0,0,0,0,,,0,0,0,0,,0,,0,,,0,,0,,0,,,,0,,0,,,0,0,0,0,0,UAE,0,0,0,0,1,0,0,,,Male,0,21 to 30,1,University - undergraduate degree,1,0,0,0,0
579279-579270-63899245,2,Two,Two,2,No longer searching,0,0,0,1,"No, except in certain cases",0,,,,,0,None,None,0,0,No,No,No,0,All my life,0,,,No,0,Single,1,2,,,0,0,0,0,0,,0,0,0,0,,,0,0,0,0,,0,,0,,,0,,0,,0,,,,0,,0,,,0,0,0,0,0,UAE,0,0,0,0,1,0,0,,,Male,0,21 to 30,1,University - graduate degree (Masters),0,1,0,0,0
579279-579270-63910175,2,Two,Two,2,No longer searching,0,0,0,1,"No, except in certain cases",0,,,,,0,None,None,0,0,No,No,No,0,All my life,0,,,No,0,Single,1,2,,,0,0,0,0,0,,0,0,0,0,,,0,0,0,0,,0,,0,,,0,,0,,0,,,,0,,0,,,0,0,0,0,0,USA,1,0,0,0,0,0,0,,,Female,1,21 to 30,1,College diploma or certificate,0,0,1,0,0
579279-579270-63974436,1,One,One,1,No longer searching,0,0,0,3,"Yes, but with caution",1,,,,,0,None,None,0,0,No,No,No,0,All my life,0,,,No,0,Single,1,2,,,0,0,0,0,0,,0,0,0,0,,,0,0,0,0,,0,,0,,,0,,0,,0,,,,0,,0,,,0,0,0,0,0,Canada ,0,0,1,0,0,0,0,,,Male,0,21 to 30,1,University - undergraduate degree,1,0,0,0,0
579279-579270-57024913,8,6 to 9,6 to 9,5,Over 5 years,0,0,1,5,"Yes, but with caution",1,Muzmatch half our deen ,Muzmatch,Half Our Deen,,0,None,None,0,0,No,No,No,0,All my life,0,,,No,0,Single,1,2,,,0,0,0,0,0,,0,0,0,0,,,0,0,0,0,,0,,0,,,0,,0,,0,,,,0,,0,,,0,0,0,0,0,Canada,0,0,1,0,0,0,0,,,Female,1,31 to 40,0,University - undergraduate degree,1,0,0,0,0
579279-579270-63889623,4,4 to 5,4 to 5,4,Over 5 years,0,0,1,2,"Yes, but with caution",1,"muzmatch, minder.   keep in mind that offline will be better. ",Muzmatch,Minder,,0,None,None,0,0,No,Yes,No,1,All my life,0,,,No,0,Single,1,2,,,0,0,0,0,0,,0,0,0,0,,,0,0,0,0,,0,,0,,,0,,0,,0,,,,0,,0,,,0,0,0,0,0,Netherlands,0,0,0,0,0,1,0,,,Male,0,31 to 40,0,University - graduate degree (Masters),0,1,0,0,0
579279-579270-63891702,3,Three,Three,3,Over 5 years,0,0,1,3,"Yes, but with caution",1,PureMatrimoney,Pure Matrimony,,,0,None,None,0,0,No,No,No,0,All my life,0,,,No,0,Single,1,2,,,0,0,0,0,0,,0,0,0,0,,,0,0,0,0,,0,,0,,,0,,0,,0,,,,0,,0,,,0,0,0,0,0,UK,0,1,0,0,0,0,0,,,Male,0,31 to 40,0,University - graduate degree (Masters),0,1,0,0,0
579279-579270-62851930,2,Two,Two,2,0 to 30 days,1,0,0,1,"No, except in certain cases",0,,,,,1,One,One,1,1,No,No,No,0,All my life,0,,,No,0,Single,1,2,,,0,0,0,0,0,,0,0,0,0,,,0,0,0,0,,0,,0,,,0,,0,,0,,,,0,,0,,,0,0,0,0,0,Canada ,0,0,1,0,0,0,0,,,Female,1,21 to 30,1,University - undergraduate degree,1,0,0,0,0
579279-579270-63892818,2,Two,Two,2,0 to 30 days,1,0,0,1,Absolutely not,0,,,,,1,One,One,1,1,No,No,No,0,All my life,0,,,No,0,Single,1,2,,,0,0,0,0,0,,0,0,0,0,,,0,0,0,0,,0,,0,,,0,,0,,0,,,,0,,0,,,0,0,0,0,0,USA,1,0,0,0,0,0,0,,,Male,0,16 to 20,1,University - undergraduate degree,1,0,0,0,0
579279-579270-63530281,3,Three,Three,3,1 to 2 years,0,0,1,4,"Yes, but with caution",1,,,,,1,One,One,1,0,No,No,No,0,All my life,0,,,No,0,Single,1,2,,,0,0,0,0,0,,0,0,0,0,,,0,0,0,0,,0,,0,,,0,,0,,0,,,,0,,0,,,0,0,0,0,0,UK,0,1,0,0,0,0,0,,,Male,0,21 to 30,1,University - graduate degree (Masters),0,1,0,0,0
579279-579270-63893514,1,One,One,1,1 to 2 years,0,0,1,2,"Yes, 100%",1,Halfourdeen,Half Our Deen,,,1,One,One,1,1,No,No,No,0,All my life,0,,,No,0,Single,1,2,,,0,0,0,0,0,,0,0,0,0,,,0,0,0,0,,0,,0,,,0,,0,,0,,,,0,,0,,,0,0,0,0,0,USA,1,0,0,0,0,0,0,,,Female,1,21 to 30,1,University - undergraduate degree,1,0,0,0,0
579279-579270-63898546,10,10 and up,10 and up,6,1 to 2 years,0,0,1,5,"No, except in certain cases",0,,,,,1,One,One,1,1,No,No,No,0,All my life,0,,,No,0,Single,1,2,,,0,0,0,0,0,,0,0,0,0,,,0,0,0,0,,0,,0,,,0,,0,,0,,,,0,,0,,,0,0,0,0,0,Pakistan,0,0,0,1,0,0,0,,,Male,0,21 to 30,1,University - undergraduate degree,1,0,0,0,0
579279-579270-57022553,1,One,One,1,1 to 3 months,1,0,0,1,"Yes, but with caution",1,Muzmatch,Muzmatch,,,1,One,One,1,0,No,No,No,0,All my life,0,,,Yes,1,Divorcee,0,1,Arranged marriage,,0,0,0,0,0,Did not find a spouse online,0,0,0,0,,,0,0,0,0,,0,,0,,,0,,0,,0,,,,0,,0,,,0,0,0,0,0,Indonesia,0,0,0,0,0,0,1,,,Female,1,41 to 50,0,Secondary/high school diploma or certificate,0,0,0,1,0
579279-579270-62282369,2,Two,Two,2,1 to 3 months,1,0,0,2,"Yes, but with caution",1,Pure Matrimony ,Pure Matrimony,,,1,One,One,1,1,No,No,No,0,All my life,0,,,No,0,Single,1,2,,,0,0,0,0,0,,0,0,0,0,,,0,0,0,0,,0,,0,,,0,,0,,0,,,,0,,0,,,0,0,0,0,0,UK,0,1,0,0,0,0,0,,,Female,1,21 to 30,1,University - graduate degree (Masters),0,1,0,0,0
579279-579270-63195324,3,Three,Three,3,1 to 3 months,1,0,0,1,"No, except in certain cases",0,,,,,1,One,One,1,0,No,No,No,0,All my life,0,,,No,0,Single,1,2,,,0,0,0,0,0,,0,0,0,0,,,0,0,0,0,,0,,0,,,0,,0,,0,,,,0,,0,,,0,0,0,0,0,USA,1,0,0,0,0,0,0,,,Female,1,21 to 30,1,University - graduate degree (Masters),0,1,0,0,0
579279-579270-63888203,10,10 and up,10 and up,6,3 to 5 years,0,0,1,4,"No, except in certain cases",0,,,,,1,One,One,1,0,Yes,No,No,1,All my life,0,,,No,0,Single,1,2,,,0,0,0,0,0,,0,0,0,0,,,0,0,0,0,,0,,0,,,0,,0,,0,,,,0,,0,,,0,0,0,0,0,USA,1,0,0,0,0,0,0,,,Male,0,31 to 40,0,University - undergraduate degree,1,0,0,0,0
579279-579270-63890343,86,10 and up,10 and up,6,3 to 5 years,0,0,1,1,"No, except in certain cases",0,,,,,1,One,One,1,0,No,No,No,0,All my life,0,,,No,0,Single,1,2,,,0,0,0,0,0,,0,0,0,0,,,0,0,0,0,,0,,0,,,0,,0,,0,,,,0,,0,,,0,0,0,0,0,Saudi Arabia,0,0,0,0,1,0,0,,,Female,1,21 to 30,1,University - undergraduate degree,1,0,0,0,0
579279-579270-63890533,3,Three,Three,3,3 to 5 years,0,0,1,3,"Yes, but with caution",1,,,,,1,One,One,1,0,No,No,No,0,All my life,0,,,No,0,Single,1,2,,,0,0,0,0,0,,0,0,0,0,,,0,0,0,0,,0,,0,,,0,,0,,0,,,,0,,0,,,0,0,0,0,0,Germany,0,0,0,0,0,1,0,,,Male,0,21 to 30,1,Some college or university - didn't finish,0,0,0,1,0
579279-579270-56999069,1,One,One,1,4 to 12 months,0,1,0,1,"Yes, but with caution",1,I have only used Muslima.com,Muslima,,,1,One,One,1,0,Yes,No,No,1,All my life,0,,,Yes,1,Divorcee,0,1,,,0,0,0,0,0,Did not find a spouse online,0,0,0,0,,,0,0,0,0,,0,,0,,,0,,0,,0,,,,0,,0,,,0,0,0,0,0,Canada,0,0,1,0,0,0,0,,,Female,1,41 to 50,0,University - undergraduate degree,1,0,0,0,0
579279-579270-62844362,3,Three,Three,3,4 to 12 months,0,1,0,4,"Yes, but with caution",1,Muzmatch   Minder,Muzmatch,Minder,,1,One,One,1,1,No,No,No,0,All my life,0,,,No,0,Single,1,2,,,0,0,0,0,0,,0,0,0,0,,,0,0,0,0,,0,,0,,,0,,0,,0,,,,0,,0,,,0,0,0,0,0,USA,1,0,0,0,0,0,0,,,Female,1,21 to 30,1,University - undergraduate degree,1,0,0,0,0
579279-579270-63893111,3,Three,Three,3,4 to 12 months,0,1,0,2,"Yes, but with caution",1,Halfourdeen  Mawaddah,Half Our Deen,MawaddahMatrimony,,1,One,One,1,1,No,No,No,0,All my life,0,,,No,0,Single,1,2,,,0,0,0,0,0,,0,0,0,0,,,0,0,0,0,,0,,0,,,0,,0,,0,,,,0,,0,,,0,0,0,0,0,Saudi Arabia,0,0,0,0,1,0,0,USA,,Male,0,31 to 40,0,Secondary/high school diploma or certificate,0,0,0,1,0
579279-579270-63895047,3,Three,Three,3,4 to 12 months,0,1,0,1,"Yes, but with caution",1,Muzmatch ,Muzmatch,,,1,One,One,1,1,Yes,No,No,1,All my life,0,,,No,0,Single,1,2,,,0,0,0,0,0,,0,0,0,0,,,0,0,0,0,,0,,0,,,0,,0,,0,,,,0,,0,,,0,0,0,0,0,Australia,0,0,0,0,0,0,1,Kenya,,Female,1,21 to 30,1,University - undergraduate degree,1,0,0,0,0
579279-579270-63975645,2,Two,Two,2,4 to 12 months,0,1,0,3,"No, except in certain cases",0,,,,,1,One,One,1,1,No,No,No,0,All my life,0,,,No,0,Single,1,2,,,0,0,0,0,0,,0,0,0,0,,,0,0,0,0,,0,,0,,,0,,0,,0,,,,0,,0,,,0,0,0,0,0,Canada,0,0,1,0,0,0,0,,,Male,0,21 to 30,1,University - undergraduate degree,1,0,0,0,0
579279-579270-56972580,1,One,One,1,No longer searching,0,0,0,2,Absolutely not,0,,,,,1,One,One,1,0,No,No,No,0,All my life,0,,,No,0,Single,1,2,,,0,0,0,0,0,,0,0,0,0,,,0,0,0,0,,0,,0,,,0,,0,,0,,,,0,,0,,,0,0,0,0,0,Italy ,0,0,0,0,0,1,0,,,Male,0,21 to 30,1,University - graduate degree (Masters),0,1,0,0,0
579279-579270-62846338,1,One,One,1,No longer searching,0,0,0,1,"Yes, but with caution",1,"""Reddit"" is the only one I used. ",Reddit,,,1,One,One,1,1,No,No,No,0,All my life,0,,,No,0,Single,1,2,,,0,0,0,0,0,,0,0,0,0,,,0,0,0,0,,0,,0,,,0,,0,,0,,,,0,,0,,,0,0,0,0,0,Pakistan,0,0,0,1,0,0,0,,,Female,1,21 to 30,1,University - graduate degree (Masters),0,1,0,0,0
579279-579270-63559660,1,One,One,1,No longer searching,0,0,0,1,"Yes, but with caution",1,MuzMatch,Muzmatch,,,1,One,One,1,1,Yes,No,No,1,All my life,0,,,No,0,Single,1,2,,,0,0,0,0,0,,0,0,0,0,,,0,0,0,0,,0,,0,,,0,,0,,0,,,,0,,0,,,0,0,0,0,0,USA,1,0,0,0,0,0,0,,,Female,1,21 to 30,1,University - undergraduate degree,1,0,0,0,0
579279-579270-63889246,5,4 to 5,4 to 5,4,No longer searching,0,0,0,4,"Yes, but with caution",1,Reddit - MuslimMarriage sub,Reddit,,,1,One,One,1,1,No,No,No,0,All my life,0,,,No,0,Single,1,2,,,0,0,0,0,0,,0,0,0,0,,,0,0,0,0,,0,,0,,,0,,0,,0,,,,0,,0,,,0,0,0,0,0,USA,1,0,0,0,0,0,0,,,Male,0,21 to 30,1,University - undergraduate degree,1,0,0,0,0
579279-579270-63892075,1,One,One,1,No longer searching,0,0,0,1,"Yes, but with caution",1,,,,,1,One,One,1,1,No,No,No,0,All my life,0,,,No,0,Single,1,2,,,0,0,0,0,0,,0,0,0,0,,,0,0,0,0,,0,,0,,,0,,0,,0,,,,0,,0,,,0,0,0,0,0,Canada,0,0,1,0,0,0,0,,,Female,1,21 to 30,1,University - undergraduate degree,1,0,0,0,0
579279-579270-63892767,3,Three,Three,3,No longer searching,0,0,0,1,"Yes, but with caution",1,"Muzmatch, Muslims meet, halfourdeen",Muzmatch,Muslims Meet Online,Half Our Deen,1,One,One,1,1,No,Yes,No,1,All my life,0,,,No,0,Single,1,2,,,0,0,0,0,0,,0,0,0,0,,,0,0,0,0,,0,,0,,,0,,0,,0,,,,0,,0,,,0,0,0,0,0,Malaysia ,0,0,0,0,0,0,1,,,Female,1,31 to 40,0,University - graduate degree (Masters),0,1,0,0,0
579279-579270-63893409,1,One,One,1,No longer searching,0,0,0,1,"No, except in certain cases",0,,,,,1,One,One,1,0,No,No,No,0,All my life,0,,,No,0,Single,1,2,,,0,0,0,0,0,,0,0,0,0,,,0,0,0,0,,0,,0,,,0,,0,,0,,,,0,,0,,,0,0,0,0,0,USA,1,0,0,0,0,0,0,,,Female,1,21 to 30,1,University - graduate degree (Masters),0,1,0,0,0
579279-579270-63894769,1,One,One,1,No longer searching,0,0,0,1,"Yes, 100%",1,Half our deen,Half Our Deen,,,1,One,One,1,1,No,No,No,0,All my life,0,,,No,0,Single,1,2,,,0,0,0,0,0,,0,0,0,0,,,0,0,0,0,,0,,0,,,0,,0,,0,,,,0,,0,,,0,0,0,0,0,Canada,0,0,1,0,0,0,0,,,Male,0,41 to 50,0,College diploma or certificate,0,0,1,0,0
579279-579270-63931026,1,One,One,1,No longer searching,0,0,0,4,"Yes, but with caution",1,"Shaadi.com, although this is fairly dependent on being from a specific ethnic background. ",Shaadi,,,1,One,One,1,1,No,No,No,0,All my life,0,,,No,0,Single,1,2,,,0,0,0,0,0,,0,0,0,0,,,0,0,0,0,,0,,0,,,0,,0,,0,,,,0,,0,,,0,0,0,0,0,Belgium,0,0,0,0,0,1,0,USA,,Male,0,21 to 30,1,University - graduate degree (Masters),0,1,0,0,0
579279-579270-62847611,3,Three,Three,3,,0,0,0,2,"Yes, but with caution",1,,,,,1,One,One,1,1,No,No,No,0,All my life,0,,,No,0,Single,1,2,,,0,0,0,0,0,,0,0,0,0,,,0,0,0,0,,0,,0,,,0,,0,,0,,,,0,,0,,,0,0,0,0,0,UK,0,1,0,0,0,0,0,,,Female,1,21 to 30,1,University - undergraduate degree,1,0,0,0,0
579279-579270-63933289,3,Three,Three,3,,0,0,0,2,"Yes, but with caution",1,Muzmatch,Muzmatch,,,1,One,One,1,1,No,No,No,0,All my life,0,,,No,0,Single,1,2,,,0,0,0,0,0,,0,0,0,0,,,0,0,0,0,,0,,0,,,0,,0,,0,,,,0,,0,,,0,0,0,0,0,UK,0,1,0,0,0,0,0,,,Female,1,21 to 30,1,University - undergraduate degree,1,0,0,0,0
579279-579270-63895624,1,One,One,1,3 to 5 years,0,0,1,1,"Yes, but with caution",1,WhatsApp groups  Telegram groups  Pure matrimony,WhatsApp,Telegram,Pure Matrimony,6,6 to 8 ,6 to 8 ,4,0,No,No,No,0,All my life,0,,,Yes,2,Divorcee,0,1,Family connections ,,0,0,0,0,0,3 to 5 years,5,0,0,0,"Divorced through Islamic means, Talaq, Khullah, etc.",4 to 12 months,1,0,0,0,Yes,1,,0,,"Both sets of parents were from the exact same ethnicity (Example: Asian, Arab, European-descent)",0,Yes,1,Yes,1,No,,0 to 3 years,1,21 to 30,1,Other,"Ex-Wife was pressured to marry me by her parents, but I didn’t know. Tried for a year to make it work, but she didn’t want to be in the marriage. Hence, decided to separate, even though I genuinely had/have feelings for her. ",0,0,0,0,1,UK,0,1,0,0,0,0,0,,,Male,0,21 to 30,1,University - graduate degree (PhD),0,1,0,0,0
579279-579270-63907676,2,Two,Two,2,No longer searching,0,0,0,1,"Yes, but with caution",1,muzmatch,Muzmatch,,,1,One,One,1,1,No,No,No,0,All my life,0,,,Yes,1,Single,1,3,none,,0,0,0,0,0,1 to 3 months,0,0,0,0,Married by nikkah and legal marriage,3 to 5 years,0,0,1,1,No,0,Yes,1,Patiently going through the steps,"Both sets of parents are from the exact same ethnicity (Example: Asian, Arab, European-descent)",1,No,0,Yes,1,No,,0 to 3 years,1,21 to 30,1,,,0,0,0,0,0,USA,1,0,0,0,0,0,0,,,Female,1,21 to 30,1,University - graduate degree (Masters),0,1,0,0,0
579279-579270-56986766,4,4 to 5,4 to 5,4,No longer searching,0,0,0,1,"Yes, 100%",1,Muslim Matrimonal,Muslim Matrimonal,,,1,One,One,1,1,No,No,No,0,Other,1,19,Before,Yes,1,Single,1,3,did not meet that way,,0,0,0,0,0,0 to 30 days,0,0,0,0,Married by nikkah and legal marriage,Over 10 years,0,0,1,1,Yes,1,,1,,Both of us do not share any common ethnicity at all,0,No,0,No,0,Yes,None of our children live with us full-time,4 to 7 years,2,51 to 60,0,,,0,0,0,0,0,Canada,0,0,1,0,0,0,0,,,Female,1,61 to 70,0,College diploma or certificate,0,0,1,0,0
579279-579270-63202261,12,10 and up,10 and up,6,No longer searching,0,0,0,2,"No, except in certain cases",0,,,,,1,One,One,1,0,Yes,No,No,1,All my life,0,,,Yes,1,Single,1,3,None,,0,0,0,0,0,3 to 5 years,5,0,0,0,Married by nikkah and legal marriage,3 to 5 years,0,0,1,1,Yes,1,,1,,I share the ethnicity at least one of my spouse's parents' OR my spouse shares the ethnicity of at least one of my parents' ethnicity,1,No,0,Yes,1,No,,4 to 7 years,2,21 to 30,1,,,0,0,0,0,0,Belgium,0,0,0,0,0,1,0,,,Female,1,21 to 30,1,Some college or university - didn't finish,0,0,0,1,0
579279-579270-57024406,10,10 and up,10 and up,6,Over 5 years,0,0,1,2,"Yes, but with caution",1,Muslima   Shaadi,Muslima,Shaadi,,6,6 to 8 ,6 to 8 ,4,0,Yes,Yes,Yes,1,Other,1,27,Before,Yes,1,Divorcee,0,1,None,,0,0,0,0,0,1 to 2 years,4,0,0,0,"Divorced through Islamic means, Talaq, Khullah, etc.",1 to 2 years,0,1,0,0,No,0,No,0,Difficult,Both of us did not share any common ethnicity at all,0,No,0,No,0,Yes,None of our children used to live with us full-time,8 to 11 years,3,41 to 50,0,"Distance barriers (unable to live together in one country/city),Educational level and/or intelligence mis-match,Islamic practice and/or perspective mis-match,Addiction",,0,1,0,1,1,USA,1,0,0,0,0,0,0,,,Female,1,51 to 60,0,University - graduate degree (Masters),0,1,0,0,0
